,Device,RN_JJ,Rs/JJ,I_AB,EJ,C_JJQP,EC,$\omega_p$,Q,beta,EJ/EC
D078N5,D078N5,19.013333333333332,75.21879417621955,16.828202740124844,0.40113482919313026,197.8053844045044,0.0046996935894099345,16.077996476976207,2849.5050584197993,8119679.077960024,85.35340050615818
D078N6,D078N6,20.8,76.98813449108609,15.382703273985914,0.3666783759162844,185.06763098818772,0.0050231620304036426,15.89217045445863,192.1882746043077,36936.33289538079,72.99752102299186
D078N8,D078N8,42.0,73.48739676425078,7.618100669021595,0.1815931004537789,87.48499614791758,0.01062610433753497,16.26629638098683,2816.5189676459086,7932779.095109175,17.08933911107301
D078N0,D078N0,19.666666666666668,77.70984100395088,16.26916414062239,0.3878089941894262,197.56739238292596,0.004705354895988173,15.818201462975216,2896.30476622987,8388581.298885861,82.41864912678014
